{
    "Event": {
        "Name": "pyLIMA_1s1l_demo"
    },
    "Model": {
        "Type": "PSPL"
    },
    "FitParameters": {
        "Parameters": {
            "t0": [
                0,
                [
                    2458346.505461,
                    2460059.241444
                ]
            ],
            "u0": [
                1,
                [
                    -1.0,
                    1.0
                ]
            ],
            "tE": [
                2,
                [
                    0.1,
                    500
                ]
            ],
            "fsource_Roman_W149": [
                3,
                [
                    0.0,
                    1300.9362042382322
                ]
            ],
            "ftotal_Roman_W149": [
                4,
                [
                    0,
                    1300.9362042382322
                ]
            ]
        }
    },
    "FitPriors": {
        "Parameters": {
            "t0": [
                0,
                [
                    2458346.505461,
                    2460059.241444
                ]
            ],
            "u0": [
                1,
                [
                    -1.0,
                    1.0
                ]
            ],
            "tE": [
                2,
                [
                    0.1,
                    500
                ]
            ],
            "fsource_Roman_W149": [
                3,
                [
                    0.0,
                    1300.9362042382322
                ]
            ],
            "ftotal_Roman_W149": [
                4,
                [
                    0,
                    1300.9362042382322
                ]
            ]
        }
    },
    "FitResults": {
        "best_model": [
            2459657.782345089,
            0.30775570643159955,
            8.36949968375563,
            241.67281194132383,
            715.364904494635
        ],
        "chi2": 39314.56110940218,
        "fit_time": 0.20347285270690918,
        "covariance_matrix": [
            [
                5.030233966205236e-06,
                -3.098374959548438e-10,
                5.6752077078195745e-09,
                -3.447635193624852e-07,
                -1.0472522650505425e-09
            ],
            [
                -3.0983749595412884e-10,
                4.67204827167614e-06,
                -8.022128885624637e-05,
                0.0046413256554210325,
                1.0914666585932264e-05
            ],
            [
                5.675207707816072e-09,
                -8.022128885624649e-05,
                0.001435551714961737,
                -0.08061913197387245,
                -0.00022412789424124227
            ],
            [
                -3.447635193622829e-07,
                0.004641325655421031,
                -0.0806191319738723,
                4.640395987770946,
                0.010873970661183365
            ],
            [
                -1.0472522650501711e-09,
                1.0914666585933862e-05,
                -0.00022412789424126789,
                0.010873970661184947,
                0.0006965177505489184
            ]
        ]
    }
}